complex_name,protein_path,ligand_description,protein_sequence
NDM1__captopril,/home/satyawansingh/biocompiler/repurposing_screen/4eyl.pdb,CC(CS)C(=O)N1CCCC1C(=O)O,
NDM1__disulfiram,/home/satyawansingh/biocompiler/repurposing_screen/4eyl.pdb,CCN(CC)C(=S)SSC(=S)N(CC)CC,
NDM1__ebselen,/home/satyawansingh/biocompiler/repurposing_screen/4eyl.pdb,C1=CC=C(C=C1)N2C(=O)C3=CC=CC=C3[Se]2,
NDM1__acetazolamide,/home/satyawansingh/biocompiler/repurposing_screen/4eyl.pdb,CC(=O)NC1=NN=C(S1)S(=O)(=O)N,
NDM1__probenecid,/home/satyawansingh/biocompiler/repurposing_screen/4eyl.pdb,CCCN(CCC)S(=O)(=O)C1=CC=C(C=C1)C(=O)O,
NDM1__aspirin,/home/satyawansingh/biocompiler/repurposing_screen/4eyl.pdb,CC(=O)OC1=CC=CC=C1C(=O)O,
NDM1__metformin,/home/satyawansingh/biocompiler/repurposing_screen/4eyl.pdb,CN(C)C(=N)N=C(N)N,
NDM1__atorvastatin,/home/satyawansingh/biocompiler/repurposing_screen/4eyl.pdb,CC(C)C1=C(C(=C(N1CCC(CC(CC(=O)O)O)O)C2=CC=C(C=C2)F)C3=CC=CC=C3)C(=O)NC4=CC=CC=C4,
NDM1__omeprazole,/home/satyawansingh/biocompiler/repurposing_screen/4eyl.pdb,CC1=CN=C(C(=C1OC)C)CS(=O)C2=NC3=C(N2)C=C(C=C3)OC,
NDM1__ciprofloxacin,/home/satyawansingh/biocompiler/repurposing_screen/4eyl.pdb,C1CC1N2C=C(C(=O)C3=CC(=C(C=C32)N4CCNCC4)F)C(=O)O,
NDM1__metronidazole,/home/satyawansingh/biocompiler/repurposing_screen/4eyl.pdb,CC1=NC=C(N1CCO)[N+](=O)[O-],
NDM1__doxycycline,/home/satyawansingh/biocompiler/repurposing_screen/4eyl.pdb,CC1C2C(C3C(C(=O)C(=C(C3(C(=O)C2=C(C4=C1C=CC=C4O)O)O)O)C(=O)N)N(C)C)O,
NDM1__rifampicin,/home/satyawansingh/biocompiler/repurposing_screen/4eyl.pdb,CC1C=CC=C(C(=O)NC2=C(C(=C3C(=C2O)C(=C(C4=C3C(=O)C(O4)(OC=CC(C(C(C(C(C(C1O)C)O)C)OC(=O)C)C)OC)C)C)O)O)C=NN5CCN(CC5)C)C,
NDM1__vancomycin,/home/satyawansingh/biocompiler/repurposing_screen/4eyl.pdb,CC1C(C(CC(O1)OC2C(C(C(OC2OC3=C4C=C5C=C3OC6=C(C=C(C=C6)C(C(C(=O)NC(C(=O)NC5C(=O)NC7C8=CC(=C(C=C8)O)C9=C(C=C(C=C9O)O)C(NC(=O)C(C(C1=CC(=C(O4)C=C1)Cl)O)NC7=O)C(=O)O)CC(=O)N)NC(=O)C(CC(C)C)NC)O)Cl)CO)O)O)(C)N)O,
NDM1__amoxicillin,/home/satyawansingh/biocompiler/repurposing_screen/4eyl.pdb,CC1(C(N2C(S1)C(C2=O)NC(=O)C(C3=CC=C(C=C3)O)N)C(=O)O)C,
NDM1__azithromycin,/home/satyawansingh/biocompiler/repurposing_screen/4eyl.pdb,CCC1C(C(C(N(CC(CC(C(C(C(C(C(=O)O1)C)OC2CC(C(C(O2)C)O)(C)OC)C)OC3C(C(CC(O3)C)N(C)C)O)(C)O)C)C)C)O)(C)O,
NDM1__linezolid,/home/satyawansingh/biocompiler/repurposing_screen/4eyl.pdb,CC(=O)NCC1CN(C(=O)O1)C2=CC(=C(C=C2)N3CCOCC3)F,
NDM1__meropenem,/home/satyawansingh/biocompiler/repurposing_screen/4eyl.pdb,CC1C2C(C(=O)N2C(=C1SC3CC(NC3)C(=O)N(C)C)C(=O)O)C(C)O,
NDM1__levofloxacin,/home/satyawansingh/biocompiler/repurposing_screen/4eyl.pdb,CC1COC2=C3N1C=C(C(=O)C3=CC(=C2N4CCN(CC4)C)F)C(=O)O,
NDM1__fosfomycin,/home/satyawansingh/biocompiler/repurposing_screen/4eyl.pdb,CC1C(O1)P(=O)(O)O,
NDM1__clavulanic_acid,/home/satyawansingh/biocompiler/repurposing_screen/4eyl.pdb,C1C2N(C1=O)C(C(=CCO)O2)C(=O)O,
NDM1__sulbactam,/home/satyawansingh/biocompiler/repurposing_screen/4eyl.pdb,CC1(C(N2C(S1(=O)=O)CC2=O)C(=O)O)C,
NDM1__penicillamine,/home/satyawansingh/biocompiler/repurposing_screen/4eyl.pdb,CC(C)(C(C(=O)O)N)S,
NDM1__dimercaprol,/home/satyawansingh/biocompiler/repurposing_screen/4eyl.pdb,C(C(CS)S)O,
NDM1__deferasirox,/home/satyawansingh/biocompiler/repurposing_screen/4eyl.pdb,C1=CC=C(C(=C1)C2=NN(C(=N2)C3=CC=CC=C3O)C4=CC=C(C=C4)C(=O)O)O,
NDM1__deferoxamine,/home/satyawansingh/biocompiler/repurposing_screen/4eyl.pdb,CC(=O)N(CCCCCNC(=O)CCC(=O)N(CCCCCNC(=O)CCC(=O)N(CCCCCN)O)O)O,
NDM1__8_hydroxyquinoline,/home/satyawansingh/biocompiler/repurposing_screen/4eyl.pdb,C1=CC2=C(C(=C1)O)N=CC=C2,
NDM1__clioquinol,/home/satyawansingh/biocompiler/repurposing_screen/4eyl.pdb,C1=CC2=C(C(=C(C=C2Cl)I)O)N=C1,
NDM1__thiabendazole,/home/satyawansingh/biocompiler/repurposing_screen/4eyl.pdb,C1=CC=C2C(=C1)NC(=N2)C3=CSC=N3,
NDM1__cefiderocol,/home/satyawansingh/biocompiler/repurposing_screen/4eyl.pdb,CC(C)(C(=O)O)ON=C(C1=CSC(=N1)N)C(=O)NC2C3N(C2=O)C(=C(CS3)C[N+]4(CCCC4)CCNC(=O)C5=C(C(=C(C=C5)O)O)Cl)C(=O)[O-],
NDM1__tetracycline,/home/satyawansingh/biocompiler/repurposing_screen/4eyl.pdb,CC1(C2CC3C(C(=O)C(=C(C3(C(=O)C2=C(C4=C1C=CC=C4O)O)O)O)C(=O)N)N(C)C)O,
NDM1__nitazoxanide,/home/satyawansingh/biocompiler/repurposing_screen/4eyl.pdb,CC(=O)OC1=CC=CC=C1C(=O)NC2=NC=C(S2)[N+](=O)[O-],
